objects,user mentions (mp),hash tags (mp),shared urls (mp),user mentions (aggre),hash tags (aggre),shared urls (aggre)
15904861,45.8752,54.613335,21.845333,15.291734,15.291734,13.1072
15904861,37.137066,54.613335,24.029867,15.291734,13.1072,15.291734
15904861,39.3216,56.797867,24.029867,15.291734,13.1072,15.291734
15904861,37.137066,56.797867,24.029867,13.1072,15.291734,15.291734
15904861,39.3216,54.613335,26.2144,13.1072,15.291734,15.291734
