objects,insert,remove,insert per min,remove per min
2500.0,1303.0,64.0,1.9186493,39.0625
5000.0,2272.0,129.0,2.2007043,38.75969
7500.0,6550.0,194.0,1.1450381,38.659794
10000.0,5348.0,263.0,1.8698579,38.02281
12500.0,35036.0,322.0,0.35677588,38.819878
15000.0,7075.0,400.0,2.1201413,37.5
17500.0,18188.0,455.0,0.96217287,38.46154
20000.0,30264.0,551.0,0.6608512,36.29764
22500.0,6420.0,641.0,3.504673,35.101402
25000.0,17800.0,924.0,1.4044944,27.056276
