objects,insert,remove,insert per min,remove per min
2500.0,29989.0,78.0,0.0833639,32.05128
5000.0,1871.0,139.0,2.6723678,35.971222
7500.0,2067.0,192.0,3.628447,39.0625
10000.0,4724.0,277.0,2.1168501,36.10108
12500.0,10039.0,1497.0,1.2451439,8.350034
15000.0,32588.0,394.0,0.46029213,38.071068
17500.0,16506.0,484.0,1.0602205,36.157024
20000.0,5858.0,631.0,3.4141345,31.69572
22500.0,13265.0,640.0,1.696193,35.15625
25000.0,34096.0,670.0,0.73322386,37.313435
