objects,insert,remove,insert per min,remove per min
2500.0,1610.0,230.0,1.552795,10.869565
5000.0,1492.0,238.0,3.3512065,21.008404
7500.0,1654.0,227.0,4.534462,33.039646
10000.0,2934.0,274.0,3.4083164,36.49635
12500.0,3663.0,352.0,3.4125035,35.511364
15000.0,4027.0,438.0,3.7248573,34.246574
17500.0,4872.0,502.0,3.591954,34.860558
20000.0,6401.0,578.0,3.1245117,34.602077
22500.0,24190.0,737.0,0.93013644,30.529173
25000.0,6665.0,720.0,3.7509377,34.72222
