objects,insert,remove,insert per min,remove per min
2500.0,10668.0,72.0,0.2343457,34.72222
5000.0,2319.0,127.0,2.1561017,39.37008
7500.0,12894.0,195.0,0.5816659,38.46154
10000.0,25716.0,282.0,0.38886297,35.460995
12500.0,3262.0,335.0,3.832005,37.313435
15000.0,4534.0,420.0,3.308337,35.714287
17500.0,4784.0,473.0,3.6580267,36.997887
20000.0,7995.0,549.0,2.5015635,36.42987
22500.0,8295.0,589.0,2.7124774,38.20034
25000.0,52340.0,806.0,0.47764617,31.01737
