objects,insert,remove,insert per min,remove per min
2500.0,533.0,72.0,4.6904316,34.72222
5000.0,1586.0,145.0,3.152585,34.482758
7500.0,1754.0,204.0,4.275941,36.764706
10000.0,8051.0,275.0,1.2420818,36.363636
12500.0,7306.0,390.0,1.7109225,32.05128
15000.0,14105.0,398.0,1.0634527,37.688442
17500.0,38553.0,476.0,0.45392057,36.764706
20000.0,13679.0,595.0,1.4620951,33.613445
22500.0,17782.0,1141.0,1.2653245,19.719543
25000.0,26696.0,677.0,0.9364699,36.927624
