objects,user mentions (mp),hash tags (mp),shared urls (mp),user mentions (aggre),hash tags (aggre),shared urls (aggre)
15904861,65.536,78.6432,30.583467,19.6608,19.6608,17.476267
15904861,58.9824,72.0896,32.768,19.6608,19.6608,19.6608
15904861,56.797867,74.27413,34.952534,19.6608,19.6608,19.6608
15904861,56.797867,69.90507,32.768,19.6608,19.6608,19.6608
15904861,74.27413,91.7504,37.137066,21.845333,19.6608,19.6608
