objects,user mentions (mp),hash tags (mp),shared urls (mp),user mentions (aggre),hash tags (aggre),shared urls (aggre)
15904861,61.166935,74.27413,32.768,19.6608,19.6608,19.6608
15904861,56.797867,72.0896,32.768,19.6608,19.6608,17.476267
15904861,56.797867,72.0896,32.768,19.6608,19.6608,19.6608
15904861,54.613335,63.351467,32.768,19.6608,19.6608,17.476267
