run, objects,user mentions (mp),hash tags (mp),shared urls (mp),user mentions (aggre),hash tags (aggre),shared urls (aggre)
1,15904861,28.398933,37.137066,13.1072,6.5536,10.922667,6.5536
2,15904861,21.845333,30.583467,15.291734,6.5536,10.922667,6.5536
3,15904861,21.845333,30.583467,13.1072,8.738133,8.738133,8.738133
4,15904861,21.845333,30.583467,13.1072,8.738133,8.738133,6.5536
5,15904861,24.029867,30.583467,13.1072,8.738133,8.738133,8.738133
