objects,insert,remove,insert per min,remove per min
2500.0,960.0,69.0,2.6041667,36.231884
5000.0,1091.0,137.0,4.5829515,36.49635
7500.0,3731.0,209.0,2.010185,35.885166
10000.0,2277.0,278.0,4.3917437,35.971222
12500.0,2940.0,343.0,4.251701,36.44315
15000.0,3519.0,410.0,4.2625747,36.585365
17500.0,4151.0,480.0,4.215852,36.458332
20000.0,6008.0,541.0,3.3288949,36.96858
22500.0,6132.0,604.0,3.669276,37.251656
25000.0,6203.0,670.0,4.030308,37.313435
