objects,insert,remove,insert per min,remove per min
2500.0,1529.0,231.0,1.6350555,10.822511
5000.0,1459.0,239.0,3.4270048,20.920502
7500.0,1762.0,249.0,4.2565265,30.120481
10000.0,2309.0,269.0,4.330879,37.17472
12500.0,3037.0,331.0,4.115904,37.76435
15000.0,3750.0,407.0,4.0,36.855038
17500.0,4370.0,470.0,4.0045767,37.234043
20000.0,5675.0,536.0,3.524229,37.313435
22500.0,5624.0,602.0,4.0007114,37.375416
25000.0,7960.0,669.0,3.1407034,37.36921
