objects,insert,remove,insert per min,remove per min
2500.0,869.0,74.0,2.87687,33.783783
5000.0,1177.0,137.0,4.2480884,36.49635
7500.0,1751.0,203.0,4.2832665,36.945812
10000.0,2384.0,277.0,4.194631,36.10108
12500.0,2960.0,348.0,4.222973,35.91954
15000.0,3734.0,450.0,4.01714,33.333332
17500.0,4169.0,480.0,4.1976495,36.458332
20000.0,5146.0,558.0,3.8865137,35.842293
22500.0,7205.0,609.0,3.1228313,36.945812
25000.0,5935.0,675.0,4.2123,37.037037
