objects,insert,remove,insert per min,remove per min
2500.0,1024.0,70.0,2.4414062,35.714287
5000.0,1078.0,141.0,4.638219,35.460995
7500.0,1622.0,204.0,4.623921,36.764706
10000.0,2231.0,277.0,4.482295,36.10108
12500.0,2820.0,346.0,4.4326243,36.127167
15000.0,3497.0,472.0,4.289391,31.779661
17500.0,4106.0,482.0,4.2620554,36.307053
20000.0,6437.0,564.0,3.1070375,35.460995
22500.0,5353.0,614.0,4.2032504,36.64495
25000.0,5950.0,685.0,4.2016807,36.49635
