objects,insert,remove,insert per min,remove per min
2500.0,1673.0,75.0,1.4943216,33.333332
5000.0,1119.0,145.0,4.468275,34.482758
7500.0,2737.0,204.0,2.7402265,36.764706
10000.0,2612.0,283.0,3.8284838,35.33569
12500.0,3307.0,355.0,3.779861,35.21127
15000.0,4350.0,419.0,3.4482758,35.799522
17500.0,4316.0,499.0,4.0546803,35.07014
20000.0,4721.0,566.0,4.2363906,35.33569
22500.0,5271.0,609.0,4.2686396,36.945812
25000.0,5945.0,673.0,4.2052145,37.147102
